-- phpMyAdmin SQL Dump
-- version 5.0.4
-- https://www.phpmyadmin.net/
--
-- Хост: 127.0.0.1
-- Время создания: Апр 13 2021 г., 19:32
-- Версия сервера: 10.4.17-MariaDB
-- Версия PHP: 8.0.1

SET SQL_MODE = "NO_AUTO_VALUE_ON_ZERO";
START TRANSACTION;
SET time_zone = "+00:00";


/*!40101 SET @OLD_CHARACTER_SET_CLIENT=@@CHARACTER_SET_CLIENT */;
/*!40101 SET @OLD_CHARACTER_SET_RESULTS=@@CHARACTER_SET_RESULTS */;
/*!40101 SET @OLD_COLLATION_CONNECTION=@@COLLATION_CONNECTION */;
/*!40101 SET NAMES utf8mb4 */;

--
-- База данных: `myshop`
--

-- --------------------------------------------------------

--
-- Структура таблицы `books`
--

CREATE TABLE `books` (
  `N` int(11) NOT NULL,
  `SomeCode` int(11) NOT NULL,
  `NEW` varchar(4) DEFAULT NULL,
  `NAME` varchar(150) NOT NULL,
  `Price` float NOT NULL,
  `Publishing_house` varchar(100) DEFAULT NULL,
  `Pages` smallint(6) DEFAULT NULL,
  `FORMAT` varchar(200) DEFAULT NULL,
  `Data1` date DEFAULT NULL,
  `Edition` int(11) DEFAULT NULL,
  `Theme` varchar(50) DEFAULT NULL,
  `Category` varchar(30) DEFAULT NULL
) ENGINE=InnoDB DEFAULT CHARSET=utf8mb4;

--
-- Дамп данных таблицы `books`
--

INSERT INTO `books` (`N`, `SomeCode`, `NEW`, `NAME`, `Price`, `Publishing_house`, `Pages`, `FORMAT`, `Data1`, `Edition`, `Theme`, `Category`) VALUES
(2, 5111, 'No', 'Аппаратные средства мультимедия. Видеосистема РС', 15.51, 'BHV С.-Петербург', 400, '70х100/16', '2000-07-24', 5000, 'Використання ПК в цілому', 'Підручники'),
(8, 4985, 'No', 'Освой самостоятельно модернизацию и ремонт ПК за 24 часа. 2-е издание', 18.9, 'Вильямс', 288, '70х100/16', '2000-07-07', 5000, 'Використання ПК в цілому', 'Підручники'),
(9, 5141, 'No', 'Структуры данных и алгоритмы.', 37.8, 'Вильямс', 384, '70х100/16', '2000-09-29', 5000, 'Використання ПК в цілому', 'Підручники'),
(20, 5127, 'Yes', 'Автоматизация инженерно- графических работ', 11.58, 'Питер', 256, '70х100/16', '2000-06-15', 5000, 'Використання ПК в цілому', 'Підручники'),
(31, 5110, 'Yes', 'Аппаратные средства мультимедия. Видеосистема РС', 15.51, 'BHV С.-Петербург', 400, '70х100/16', '2020-07-24', 5000, 'Використання ПК в цілому', 'Апаратні засоби ПК'),
(46, 5199, 'No', 'К', 30.07, 'МикроАрт', 368, '70х100/16', '2000-12-02', 5000, 'Використання ПК в цілому', 'Апаратні засоби ПК'),
(50, 3851, 'Yes', 'Защита информации и безопасность компьютерных систем', 26, 'DiaSoft', 480, '84х108/16', '1999-02-04', 5000, 'Використання ПК в цілому', 'Захист і безпека ПК'),
(58, 3932, 'No', 'Как превратить персональный компьютер в измерительный комплекс', 7.65, 'ДМК', 144, '60х88/16', '1999-06-09', 5000, 'Використання ПК в цілому', 'Інші книги'),
(59, 4713, 'No', 'Plug- ins. Встраиваемые приложения для музыкальных программ', 11.41, 'ДМК', 144, '70х100/16', '2000-02-22', 5000, 'Використання ПК в цілому', 'Інші книги'),
(175, 5217, 'No', 'Windows МЕ. Новейшие версии программ', 16.57, 'Триумф', 320, '70х100/16', '2000-08-25', 5000, 'Операційні системи', 'Windows 2000'),
(176, 4829, 'No', 'Windows 2000 Professional шаг за шагом с СD', 27.25, 'Эком', 320, '70х100/16', '2000-04-28', 5000, 'Операційні системи', 'Windows 2000'),
(188, 5170, 'No', 'Linux Русские версии', 24.43, 'ДМК', 346, '70х100/16', '2000-09-29', 5000, 'Операційні системи', 'Linux'),
(191, 860, 'No', 'Операционная система UNIX', 3.5, 'BHV С.-Петербург', 395, '84х10016', '1997-05-05', 5000, 'Операційні системи', 'Unix'),
(203, 44, 'No', 'Ответы на актуальные вопросы по OS/2 Warp', 5, 'DiaSoft', 352, '60х84/16', '1996-03-20', 5000, 'Операційні системи', 'Інші операційні системи'),
(206, 5176, 'No', 'Windows Ме. Спутник пользователя', 12.79, 'Русская редакция', 306, '-', '2000-10-10', 5000, 'Операційні системи', 'Інші операційні системи'),
(209, 5462, 'No', 'Язык программирования С++. Лекции и упражнения', 29, 'DiaSoft', 656, '84х108/16', '2000-12-12', 5000, 'Програмування', 'C&C++'),
(210, 4982, 'No', 'Язык программирования С. Лекции и упражнения', 29, 'DiaSoft', 432, '84х108/16', '2000-07-12', 5000, 'Програмування', 'C&C++'),
(220, 4687, 'No', 'Эффективное использование C++ .50 рекомендаций по улучшению ваших программ и проектов', 17.6, 'ДМК', 240, '70х100/16', '2000-02-03', 5000, 'Програмування', 'C&C++'),
(1003, 1213, 'Yes', 'How to learn mysql22', 154, NULL, NULL, NULL, '2021-02-23', NULL, NULL, NULL);

-- --------------------------------------------------------

--
-- Структура таблицы `category`
--

CREATE TABLE `category` (
  `id` int(11) NOT NULL,
  `CategoryName` varchar(200) DEFAULT NULL
) ENGINE=InnoDB DEFAULT CHARSET=utf8mb4;

--
-- Дамп данных таблицы `category`
--

INSERT INTO `category` (`id`, `CategoryName`) VALUES
(1, 'Підручники'),
(2, 'Апаратні засоби ПК\r\n'),
(3, 'Захист і безпека ПК'),
(4, 'Інші книги'),
(5, 'Windows 2000'),
(6, 'Linux'),
(7, 'Unix'),
(8, 'Інші операційні системи'),
(9, 'C&C++');

-- --------------------------------------------------------

--
-- Структура таблицы `normalbooks`
--

CREATE TABLE `normalbooks` (
  `N` int(11) NOT NULL,
  `SomeCode` int(11) NOT NULL,
  `NEW` varchar(4) DEFAULT NULL,
  `NAME` varchar(150) NOT NULL,
  `Price` float NOT NULL,
  `Pages` smallint(6) DEFAULT NULL,
  `FORMAT` varchar(200) DEFAULT NULL,
  `Data1` datetime DEFAULT NULL,
  `Edition` int(11) DEFAULT NULL,
  `ThemeId` int(11) DEFAULT NULL,
  `categoryId` int(11) DEFAULT NULL,
  `PublishingId` int(11) DEFAULT NULL
) ENGINE=InnoDB DEFAULT CHARSET=utf8mb4;

--
-- Дамп данных таблицы `normalbooks`
--

INSERT INTO `normalbooks` (`N`, `SomeCode`, `NEW`, `NAME`, `Price`, `Pages`, `FORMAT`, `Data1`, `Edition`, `ThemeId`, `categoryId`, `PublishingId`) VALUES
(2, 5111, 'No', 'Аппаратные средства мультимедия. Видеосистема РС', 15.51, 400, '70х100/16', '2000-07-24 00:00:00', 5000, 1, 1, 1),
(8, 4985, 'No', 'Освой самостоятельно модернизацию и ремонт ПК за 24 часа. 2-е издание', 18.9, 288, '70х100/16', '2000-07-07 00:00:00', 5000, 1, 1, 2),
(9, 5141, 'No', 'Структуры данных и алгоритмы.', 37.8, 384, '70х100/16', '2000-09-29 00:00:00', 5000, 1, 1, 2),
(20, 5127, 'Yes', 'Автоматизация инженерно- графических работ', 11.58, 256, '70х100/16', '2000-06-15 00:00:00', 5000, 1, 1, 3),
(31, 5110, 'Yes', 'Аппаратные средства мультимедия. Видеосистема РС', 15.51, 400, '70х100/16', '2020-07-24 00:00:00', 5000, 1, 2, 1),
(46, 5199, 'No', 'Как превратить персональный компьютер в измерительный комплекс\r\n', 30.07, 368, '70х100/16', '2000-12-02 00:00:00', 5000, 1, 2, 6),
(50, 3851, 'Yes', 'Защита информации и безопасность компьютерных систем', 26, 480, '84х108/16', '1999-02-04 00:00:00', 5000, 1, 3, 4),
(58, 3932, 'No', 'Как превратить персональный компьютер в измерительный комплекс', 7.65, 144, '60х88/16', '1999-06-09 00:00:00', 5000, 1, 4, 6),
(59, 4713, 'No', 'Plug- ins. Встраиваемые приложения для музыкальных программ', 11.41, 144, '70х100/16', '2000-02-22 00:00:00', 5000, 1, 4, 6),
(175, 5217, 'No', 'Windows МЕ. Новейшие версии программ', 16.57, 320, '70х100/16', '2000-08-25 00:00:00', 5000, 2, 5, 7),
(176, 4829, 'No', 'Windows 2000 Professional шаг за шагом с СD', 27.25, 320, '70х100/16', '2000-04-28 00:00:00', 5000, 2, 5, 8),
(188, 5170, 'No', 'Linux Русские версии', 24.43, 346, '70х100/16', '2000-09-29 00:00:00', 5000, 2, 6, 6),
(191, 860, 'No', 'Операционная система UNIX', 3.5, 395, '84х10016', '1997-05-05 00:00:00', 5000, 2, 7, 1),
(203, 44, 'No', 'Ответы на актуальные вопросы по OS/2 Warp', 5, 352, '60х84/16', '1996-03-20 00:00:00', 5000, 2, 8, 4),
(206, 5176, 'No', 'Windows Ме. Спутник пользователя', 12.79, 306, '-', '2000-10-10 00:00:00', 5000, 2, 8, 4),
(209, 5462, 'No', 'Язык программирования С++. Лекции и упражнения', 29, 656, '84х108/16', '2000-12-12 00:00:00', 5000, 3, 9, 9),
(210, 4982, 'No', 'Язык программирования С. Лекции и упражнения', 29, 432, '84х108/16', '2000-07-12 00:00:00', 5000, 3, 9, 9),
(220, 4687, 'No', 'Эффективное использование C++ .50 рекомендаций по улучшению ваших программ и проектов', 17.6, 240, '70х100/16', '2000-02-03 00:00:00', 5000, 3, 9, 9);

-- --------------------------------------------------------

--
-- Структура таблицы `publishing`
--

CREATE TABLE `publishing` (
  `id` int(11) NOT NULL,
  `PublishingName` varchar(200) DEFAULT NULL
) ENGINE=InnoDB DEFAULT CHARSET=utf8mb4;

--
-- Дамп данных таблицы `publishing`
--

INSERT INTO `publishing` (`id`, `PublishingName`) VALUES
(1, 'BHV С.-Петербург'),
(2, 'Вильямс'),
(3, 'Питер'),
(4, 'DiaSoft'),
(5, 'МикроАрт'),
(6, 'ДМК'),
(7, 'Триумф'),
(8, 'Эком'),
(9, 'Русская редакция');

-- --------------------------------------------------------

--
-- Структура таблицы `theme`
--

CREATE TABLE `theme` (
  `Id` int(11) NOT NULL,
  `ThemeName` varchar(200) DEFAULT NULL
) ENGINE=InnoDB DEFAULT CHARSET=utf8mb4;

--
-- Дамп данных таблицы `theme`
--

INSERT INTO `theme` (`Id`, `ThemeName`) VALUES
(1, 'Використання ПК в цілому'),
(2, 'Операційні системи'),
(3, 'Програмування');

--
-- Индексы сохранённых таблиц
--

--
-- Индексы таблицы `books`
--
ALTER TABLE `books`
  ADD PRIMARY KEY (`N`),
  ADD KEY `NameIndex` (`NAME`);

--
-- Индексы таблицы `category`
--
ALTER TABLE `category`
  ADD PRIMARY KEY (`id`);

--
-- Индексы таблицы `normalbooks`
--
ALTER TABLE `normalbooks`
  ADD PRIMARY KEY (`N`),
  ADD KEY `ThemeId` (`ThemeId`),
  ADD KEY `PublishingId` (`PublishingId`),
  ADD KEY `categoryId` (`categoryId`);

--
-- Индексы таблицы `publishing`
--
ALTER TABLE `publishing`
  ADD PRIMARY KEY (`id`);

--
-- Индексы таблицы `theme`
--
ALTER TABLE `theme`
  ADD PRIMARY KEY (`Id`);

--
-- Ограничения внешнего ключа сохраненных таблиц
--

--
-- Ограничения внешнего ключа таблицы `normalbooks`
--
ALTER TABLE `normalbooks`
  ADD CONSTRAINT `normalbooks_ibfk_1` FOREIGN KEY (`ThemeId`) REFERENCES `theme` (`Id`),
  ADD CONSTRAINT `normalbooks_ibfk_2` FOREIGN KEY (`PublishingId`) REFERENCES `publishing` (`id`),
  ADD CONSTRAINT `normalbooks_ibfk_3` FOREIGN KEY (`categoryId`) REFERENCES `category` (`id`);
COMMIT;

/*!40101 SET CHARACTER_SET_CLIENT=@OLD_CHARACTER_SET_CLIENT */;
/*!40101 SET CHARACTER_SET_RESULTS=@OLD_CHARACTER_SET_RESULTS */;
/*!40101 SET COLLATION_CONNECTION=@OLD_COLLATION_CONNECTION */;
